{
  "anova_covariance": 0.09999999999999999,
  "exergy_efficiency": 0.25555300000000003
}